Pages les plus populaires,Clics,Impressions,CTR,Position
https://associationvisionere.fr/,51,1322,3.86%,22.89
https://associationvisionere.fr/lassociation/,6,337,1.78%,10.35
https://associationvisionere.fr/divers/,5,201,2.49%,14.94
https://associationvisionere.fr/sport/,4,317,1.26%,19.9
https://associationvisionere.fr/voyage/,1,54,1.85%,23.35
https://associationvisionere.fr/nous-soutenir/,1,13,7.69%,13.31
https://associationvisionere.fr/projets/,1,6,16.67%,7.17
https://associationvisionere.fr/culture/,0,72,0%,23.6
https://associationvisionere.fr/marraine-parrain/,0,35,0%,34.49
https://associationvisionere.fr/commentaire/,0,32,0%,65.22
https://associationvisionere.fr/mediat-presse-2/,0,27,0%,19.81
https://associationvisionere.fr/les-medias/,0,26,0%,5.12
https://associationvisionere.fr/nos-partenaires/,0,22,0%,29
https://associationvisionere.fr/nous-contacter/,0,17,0%,2.88
https://associationvisionere.fr/reseaux-sociaux/,0,11,0%,5.36
https://associationvisionere.fr/author/delphine-thuet/,0,10,0%,8
https://associationvisionere.fr/mediat-radio-2/,0,8,0%,22.38
https://associationvisionere.fr/edito/,0,6,0%,17
https://associationvisionere.fr/aide-et-suggestion/,0,3,0%,1.67
https://associationvisionere.fr/actions-passees/,0,2,0%,47.5